nom,metier,telephone,email,departement,siret
E2P Peinture & Revêtements,Peinture en bâtiment,09 60 40 79 62,entreprise2peintures@gmail.com,75,non disponible
Paris d'Intérieur,Peinture en bâtiment,06 09 85 07 44,aurore@parisdinterieur.fr,75,non disponible
Parisi Bâtiment,Peinture en bâtiment,non disponible,contact@parisibatiment.com,92,non disponible
CPBI,Peinture en bâtiment,01 60 38 13 73,non disponible,77,non disponible
Entreprise Peinture,Peinture en bâtiment,non disponible,non disponible,94,non disponible
Bâti Réno Isolation,Peinture en bâtiment,06 34 89 61 13,travaux@batirenoisolation.com,94,non disponible
Diers Peinture,Peinture en bâtiment,01 60 34 14 19,hervediers77@gmail.com,77,non disponible
Art Peintre Déco,Peinture en bâtiment,non disponible,non disponible,77,non disponible
Peinture Bâtiment,Peinture en bâtiment,non disponible,non disponible,93,non disponible
Ermont Peintures,Peinture en bâtiment,non disponible,non disponible,95,non disponible
Plombier Royal,Plomberie,07 66 19 93 61,contact@plombier-royal.fr,75,non disponible
ASR Plombier,Plomberie,07 57 83 24 24,asrplomberie@gmail.com,75,non disponible
C Le Plombier,Plomberie,01 42 52 77 09,c.leplombier75@gmail.com,75,non disponible
Andre Plombier,Plomberie,01 86 95 96 67,artandredepannage@gmail.com,75,non disponible
Plombier S.R Paris,Plomberie,07 80 97 77 03,artisan.2909@gmail.com,75,non disponible
Plomberie Baranès,Plomberie,01 40 09 22 37,plomberie.baranes@gmail.com,75,non disponible
R-INTER ELEC,Électricité,06 60 51 33 22,contact.interelec@gmail.com,69,non disponible
SEICA,Électricité,06 86 60 61 69,contact@seica13.fr,13,non disponible
L'Électronome,Électricité,06 24 73 14 04,v.electronome@gmail.com,31,non disponible
Électricité Grand-Clément,Électricité,07 88 13 92 32,hgrandclement@gmail.com,33,non disponible
Les Vélectriciens,Électricité,06 70 68 20 97,contact@lesvelectriciens.fr,44,non disponible
La Commune Immobilier,Agent immobilier,09 82 55 09 73,contact@lacommuneimmobilier.paris,75,non disponible
Louis'Appart,Agent immobilier,07 81 42 16 27,l.benzemma@louisappart.com,69,non disponible
ABM Toulouse,Agent immobilier,non disponible,contact@immobilier-abm.fr,31,non disponible
Immoval,Agent immobilier,03 88 22 88 22,immoval@immoval.com,67,non disponible
Beausite Immobilier,Agent immobilier,03 88 24 47 15,philippe.dierstein@beausite-immobilier.com,67,non disponible
Lille Immo Entreprise,Agent immobilier,03 66 72 34 19,contact@lille-immo.fr,59,non disponible
RIJSEL Immobilier,Agent immobilier,03 20 00 89 50,contact@rijsel-immobilier.com,59,non disponible
Rennes Immobilier,Agent immobilier,02 99 05 31 24,rennesimmobilier@groupegasnier.com,35,non disponible
Agence Immo Nantes,Agent immobilier,06 09 71 77 59,contact@agence-immonantes.fr,44,non disponible
Agence Immobilière du Languedoc,Agent immobilier,04 67 58 06 67,agence@montpellier-immo.com,34,non disponible
